<?xml version='1.0' encoding='UTF-8' standalone='no'?>
<section xmlns="http://docbook.org/ns/docbook" version="5.0" xmlns:xlink="http://www.w3.org/1999/xlink" xml:id="_class_m_s_d_1_1_molecule_1_1___edge" xml:lang="en-US">
<title>MSD.Molecule._Edge Class Reference</title>
<indexterm><primary>MSD.Molecule._Edge</primary></indexterm>
<para>

<para>Represents a specific molecule edge. </para>
 
</para>
<simplesect>
    <title>Public Member Functions    </title>
        <itemizedlist>
            <listitem><para>def <link linkend="_class_m_s_d_1_1_molecule_1_1___edge_1a8195cae4d7f91b76e79bde4e0b1c62de">next</link> (self)</para>
</listitem>
            <listitem><para>def <link linkend="_class_m_s_d_1_1_molecule_1_1___edge_1adaf157d51e29c50a4861092ee47271bd">prev</link> (self)</para>
</listitem>
            <listitem><para>def <link linkend="_class_m_s_d_1_1_molecule_1_1___edge_1a24ef3b1ac6f952fe3814eac37ec08199">__init__</link> (self, iterable, start=(None, 0), <link linkend="_class_m_s_d_1_1_molecule_1_1___edge_1a0a68d85140a0749f237a0ba4df2c6a00">direction</link>=<link linkend="_class_m_s_d_1_1_molecule_1_1___edge_1af7ce886ce8283c32bfc6abad783066ce">FORWARD</link>)</para>
</listitem>
            <listitem><para>def <link linkend="_class_m_s_d_1_1_molecule_1_1___edge_1a4bea5d5668225df4dfcbbe6f8cdcd51f">__del__</link> (self)</para>
</listitem>
            <listitem><para>def <link linkend="_class_m_s_d_1_1_molecule_1_1___edge_1ad5000f8cdaa8785194b16f7ae43b2818">clone</link> (self)</para>
</listitem>
            <listitem><para>def <link linkend="_class_m_s_d_1_1_molecule_1_1___edge_1ac7f3e00b609891405d14a2d81221c880">getParameters</link> (self)</para>
</listitem>
            <listitem><para>def <link linkend="_class_m_s_d_1_1_molecule_1_1___edge_1acbf1f8b25393c6c031320c1b893e9a18">__eq__</link> (self, other)</para>
</listitem>
            <listitem><para>def <link linkend="_class_m_s_d_1_1_molecule_1_1___edge_1a914559ff54cde50a8f8be7fd932c6f63">__ne__</link> (self, other)</para>
</listitem>
            <listitem><para>def <link linkend="_class_m_s_d_1_1_molecule_1_1___edge_1a7a6fff2648f84e96e66d1de5619543e4">__lt__</link> (self, other)</para>
</listitem>
            <listitem><para>def <link linkend="_class_m_s_d_1_1_molecule_1_1___edge_1aae8a2db4a3f4ac950f27e5349fe92136">__gt__</link> (self, other)</para>
</listitem>
            <listitem><para>def <link linkend="_class_m_s_d_1_1_molecule_1_1___edge_1a1aca5c0dd5138fe7ae066c9671545d53">__le__</link> (self, other)</para>
</listitem>
            <listitem><para>def <link linkend="_class_m_s_d_1_1_molecule_1_1___edge_1a7e2083d9ac3d9a16ca7a0e22f991ea9d">__ge__</link> (self, other)</para>
</listitem>
            <listitem><para>def <link linkend="_class_m_s_d_1_1_molecule_1_1___edge_1a7955405e0c4053ec297383aa4d66c84e">__next__</link> (self)</para>
</listitem>
            <listitem><para>def <link linkend="_class_m_s_d_1_1_molecule_1_1___edge_1a4d403857fb7b5e7b5820605273fa6b9d">__iadd__</link> (self, offset)</para>
</listitem>
            <listitem><para>def <link linkend="_class_m_s_d_1_1_molecule_1_1___edge_1a64e88bdf0a287d485077793d6c665141">__isub__</link> (self, offset)</para>
</listitem>
            <listitem><para>def <link linkend="_class_m_s_d_1_1_molecule_1_1___edge_1aceb703d1ea80d21d4f900baf06b8ba73">__add__</link> (self, offset)</para>
</listitem>
            <listitem><para>def <link linkend="_class_m_s_d_1_1_molecule_1_1___edge_1a58b0f92fa8817c6a9c566162b2082673">__sub__</link> (self, offset)</para>
</listitem>
        </itemizedlist>
</simplesect>
<simplesect>
    <title>Static Public Attributes    </title>
        <itemizedlist>
            <listitem><para>tuple <link linkend="_class_m_s_d_1_1_molecule_1_1___edge_1af7ce886ce8283c32bfc6abad783066ce">FORWARD</link> = (<link linkend="_class_m_s_d_1_1_molecule_1_1___edge_1a8195cae4d7f91b76e79bde4e0b1c62de">next</link>,)</para>
</listitem>
            <listitem><para>tuple <link linkend="_class_m_s_d_1_1_molecule_1_1___edge_1af3c2bee82a0262234d64b6f6d55dc241">BACKWARD</link> = (<link linkend="_class_m_s_d_1_1_molecule_1_1___edge_1adaf157d51e29c50a4861092ee47271bd">prev</link>,)</para>
</listitem>
        </itemizedlist>
</simplesect>
<simplesect>
    <title>Properties    </title>
        <itemizedlist>
            <listitem><para><link linkend="_class_m_s_d_1_1_molecule_1_1___edge_1a3097a3514f8ea261b940a71fa140db8c">metaIndex</link> = property(fget = lambda self: self._i)</para>
</listitem>
            <listitem><para><link linkend="_class_m_s_d_1_1_molecule_1_1___edge_1aef4a9a3d2c167ecf9cd19f511b0d8bde">index</link> = property(fget = lambda self: msd_clib.edgeIndex_i(self._edge))</para>
</listitem>
            <listitem><para><link linkend="_class_m_s_d_1_1_molecule_1_1___edge_1a378f20fb39cbb8a427361ff21477410b">src</link> = property(fget = lambda self: msd_clib.src_e(self._edge))</para>
</listitem>
            <listitem><para><link linkend="_class_m_s_d_1_1_molecule_1_1___edge_1ae82ede99252dd5417232bc62b59acd75">dest</link> = property(fget = lambda self: msd_clib.dest_e(self._edge))</para>
</listitem>
            <listitem><para><link linkend="_class_m_s_d_1_1_molecule_1_1___edge_1a0a68d85140a0749f237a0ba4df2c6a00">direction</link> = property(fget = lambda self: msd_clib.getDirection(self._edge))</para>
</listitem>
        </itemizedlist>
</simplesect>
<section>
<title>Detailed Description</title>

<para>Represents a specific molecule edge. </para>



<para>Also acts as an edge iterator. Should not be construct directly! Should be constructed using <link linkend="_class_m_s_d_1_1_molecule_1_1___edge_iterable">Molecule._EdgeIterable</link> methods/properties. </para>
</section>
<section>
<title>Constructor &amp; Destructor Documentation</title>
<anchor xml:id="_class_m_s_d_1_1_molecule_1_1___edge_1a24ef3b1ac6f952fe3814eac37ec08199"/><section>
    <title>__init__()</title>
<indexterm><primary>__init__</primary><secondary>MSD.Molecule._Edge</secondary></indexterm>
<indexterm><primary>MSD.Molecule._Edge</primary><secondary>__init__</secondary></indexterm>
<para><computeroutput>def MSD.Molecule._Edge.__init__ ( self,  iterable,  start = <computeroutput>(None,&#160;0)</computeroutput>
,  direction = <computeroutput><link linkend="_class_m_s_d_1_1_molecule_1_1___edge_1af7ce886ce8283c32bfc6abad783066ce">FORWARD</link></computeroutput>
)</computeroutput></para></section>
<anchor xml:id="_class_m_s_d_1_1_molecule_1_1___edge_1a4bea5d5668225df4dfcbbe6f8cdcd51f"/><section>
    <title>__del__()</title>
<indexterm><primary>__del__</primary><secondary>MSD.Molecule._Edge</secondary></indexterm>
<indexterm><primary>MSD.Molecule._Edge</primary><secondary>__del__</secondary></indexterm>
<para><computeroutput>def MSD.Molecule._Edge.__del__ ( self)</computeroutput></para></section>
</section>
<section>
<title>Member Function Documentation</title>
<anchor xml:id="_class_m_s_d_1_1_molecule_1_1___edge_1aceb703d1ea80d21d4f900baf06b8ba73"/><section>
    <title>__add__()</title>
<indexterm><primary>__add__</primary><secondary>MSD.Molecule._Edge</secondary></indexterm>
<indexterm><primary>MSD.Molecule._Edge</primary><secondary>__add__</secondary></indexterm>
<para><computeroutput>def MSD.Molecule._Edge.__add__ ( self,  offset)</computeroutput></para></section>
<anchor xml:id="_class_m_s_d_1_1_molecule_1_1___edge_1acbf1f8b25393c6c031320c1b893e9a18"/><section>
    <title>__eq__()</title>
<indexterm><primary>__eq__</primary><secondary>MSD.Molecule._Edge</secondary></indexterm>
<indexterm><primary>MSD.Molecule._Edge</primary><secondary>__eq__</secondary></indexterm>
<para><computeroutput>def MSD.Molecule._Edge.__eq__ ( self,  other)</computeroutput></para></section>
<anchor xml:id="_class_m_s_d_1_1_molecule_1_1___edge_1a7e2083d9ac3d9a16ca7a0e22f991ea9d"/><section>
    <title>__ge__()</title>
<indexterm><primary>__ge__</primary><secondary>MSD.Molecule._Edge</secondary></indexterm>
<indexterm><primary>MSD.Molecule._Edge</primary><secondary>__ge__</secondary></indexterm>
<para><computeroutput>def MSD.Molecule._Edge.__ge__ ( self,  other)</computeroutput></para></section>
<anchor xml:id="_class_m_s_d_1_1_molecule_1_1___edge_1aae8a2db4a3f4ac950f27e5349fe92136"/><section>
    <title>__gt__()</title>
<indexterm><primary>__gt__</primary><secondary>MSD.Molecule._Edge</secondary></indexterm>
<indexterm><primary>MSD.Molecule._Edge</primary><secondary>__gt__</secondary></indexterm>
<para><computeroutput>def MSD.Molecule._Edge.__gt__ ( self,  other)</computeroutput></para></section>
<anchor xml:id="_class_m_s_d_1_1_molecule_1_1___edge_1a4d403857fb7b5e7b5820605273fa6b9d"/><section>
    <title>__iadd__()</title>
<indexterm><primary>__iadd__</primary><secondary>MSD.Molecule._Edge</secondary></indexterm>
<indexterm><primary>MSD.Molecule._Edge</primary><secondary>__iadd__</secondary></indexterm>
<para><computeroutput>def MSD.Molecule._Edge.__iadd__ ( self,  offset)</computeroutput></para></section>
<anchor xml:id="_class_m_s_d_1_1_molecule_1_1___edge_1a64e88bdf0a287d485077793d6c665141"/><section>
    <title>__isub__()</title>
<indexterm><primary>__isub__</primary><secondary>MSD.Molecule._Edge</secondary></indexterm>
<indexterm><primary>MSD.Molecule._Edge</primary><secondary>__isub__</secondary></indexterm>
<para><computeroutput>def MSD.Molecule._Edge.__isub__ ( self,  offset)</computeroutput></para></section>
<anchor xml:id="_class_m_s_d_1_1_molecule_1_1___edge_1a1aca5c0dd5138fe7ae066c9671545d53"/><section>
    <title>__le__()</title>
<indexterm><primary>__le__</primary><secondary>MSD.Molecule._Edge</secondary></indexterm>
<indexterm><primary>MSD.Molecule._Edge</primary><secondary>__le__</secondary></indexterm>
<para><computeroutput>def MSD.Molecule._Edge.__le__ ( self,  other)</computeroutput></para></section>
<anchor xml:id="_class_m_s_d_1_1_molecule_1_1___edge_1a7a6fff2648f84e96e66d1de5619543e4"/><section>
    <title>__lt__()</title>
<indexterm><primary>__lt__</primary><secondary>MSD.Molecule._Edge</secondary></indexterm>
<indexterm><primary>MSD.Molecule._Edge</primary><secondary>__lt__</secondary></indexterm>
<para><computeroutput>def MSD.Molecule._Edge.__lt__ ( self,  other)</computeroutput></para></section>
<anchor xml:id="_class_m_s_d_1_1_molecule_1_1___edge_1a914559ff54cde50a8f8be7fd932c6f63"/><section>
    <title>__ne__()</title>
<indexterm><primary>__ne__</primary><secondary>MSD.Molecule._Edge</secondary></indexterm>
<indexterm><primary>MSD.Molecule._Edge</primary><secondary>__ne__</secondary></indexterm>
<para><computeroutput>def MSD.Molecule._Edge.__ne__ ( self,  other)</computeroutput></para></section>
<anchor xml:id="_class_m_s_d_1_1_molecule_1_1___edge_1a7955405e0c4053ec297383aa4d66c84e"/><section>
    <title>__next__()</title>
<indexterm><primary>__next__</primary><secondary>MSD.Molecule._Edge</secondary></indexterm>
<indexterm><primary>MSD.Molecule._Edge</primary><secondary>__next__</secondary></indexterm>
<para><computeroutput>def MSD.Molecule._Edge.__next__ ( self)</computeroutput></para></section>
<anchor xml:id="_class_m_s_d_1_1_molecule_1_1___edge_1a58b0f92fa8817c6a9c566162b2082673"/><section>
    <title>__sub__()</title>
<indexterm><primary>__sub__</primary><secondary>MSD.Molecule._Edge</secondary></indexterm>
<indexterm><primary>MSD.Molecule._Edge</primary><secondary>__sub__</secondary></indexterm>
<para><computeroutput>def MSD.Molecule._Edge.__sub__ ( self,  offset)</computeroutput></para></section>
<anchor xml:id="_class_m_s_d_1_1_molecule_1_1___edge_1ad5000f8cdaa8785194b16f7ae43b2818"/><section>
    <title>clone()</title>
<indexterm><primary>clone</primary><secondary>MSD.Molecule._Edge</secondary></indexterm>
<indexterm><primary>MSD.Molecule._Edge</primary><secondary>clone</secondary></indexterm>
<para><computeroutput>def MSD.Molecule._Edge.clone ( self)</computeroutput></para></section>
<anchor xml:id="_class_m_s_d_1_1_molecule_1_1___edge_1ac7f3e00b609891405d14a2d81221c880"/><section>
    <title>getParameters()</title>
<indexterm><primary>getParameters</primary><secondary>MSD.Molecule._Edge</secondary></indexterm>
<indexterm><primary>MSD.Molecule._Edge</primary><secondary>getParameters</secondary></indexterm>
<para><computeroutput>def MSD.Molecule._Edge.getParameters ( self)</computeroutput></para></section>
<anchor xml:id="_class_m_s_d_1_1_molecule_1_1___edge_1a8195cae4d7f91b76e79bde4e0b1c62de"/><section>
    <title>next()</title>
<indexterm><primary>next</primary><secondary>MSD.Molecule._Edge</secondary></indexterm>
<indexterm><primary>MSD.Molecule._Edge</primary><secondary>next</secondary></indexterm>
<para><computeroutput>def MSD.Molecule._Edge.next ( self)</computeroutput></para></section>
<anchor xml:id="_class_m_s_d_1_1_molecule_1_1___edge_1adaf157d51e29c50a4861092ee47271bd"/><section>
    <title>prev()</title>
<indexterm><primary>prev</primary><secondary>MSD.Molecule._Edge</secondary></indexterm>
<indexterm><primary>MSD.Molecule._Edge</primary><secondary>prev</secondary></indexterm>
<para><computeroutput>def MSD.Molecule._Edge.prev ( self)</computeroutput></para></section>
</section>
<section>
<title>Member Data Documentation</title>
<anchor xml:id="_class_m_s_d_1_1_molecule_1_1___edge_1af3c2bee82a0262234d64b6f6d55dc241"/><section>
    <title>BACKWARD</title>
<indexterm><primary>BACKWARD</primary><secondary>MSD.Molecule._Edge</secondary></indexterm>
<indexterm><primary>MSD.Molecule._Edge</primary><secondary>BACKWARD</secondary></indexterm>
<para><computeroutput>tuple MSD.Molecule._Edge.BACKWARD = (<link linkend="_class_m_s_d_1_1_molecule_1_1___edge_1adaf157d51e29c50a4861092ee47271bd">prev</link>,)<computeroutput>[static]</computeroutput></computeroutput></para></section>
<anchor xml:id="_class_m_s_d_1_1_molecule_1_1___edge_1af7ce886ce8283c32bfc6abad783066ce"/><section>
    <title>FORWARD</title>
<indexterm><primary>FORWARD</primary><secondary>MSD.Molecule._Edge</secondary></indexterm>
<indexterm><primary>MSD.Molecule._Edge</primary><secondary>FORWARD</secondary></indexterm>
<para><computeroutput>tuple MSD.Molecule._Edge.FORWARD = (<link linkend="_class_m_s_d_1_1_molecule_1_1___edge_1a8195cae4d7f91b76e79bde4e0b1c62de">next</link>,)<computeroutput>[static]</computeroutput></computeroutput></para></section>
</section>
<section>
<title>Property Documentation</title>
<anchor xml:id="_class_m_s_d_1_1_molecule_1_1___edge_1ae82ede99252dd5417232bc62b59acd75"/><section>
    <title>dest</title>
<indexterm><primary>dest</primary><secondary>MSD.Molecule._Edge</secondary></indexterm>
<indexterm><primary>MSD.Molecule._Edge</primary><secondary>dest</secondary></indexterm>
<para><computeroutput>MSD.Molecule._Edge.dest = property(fget = lambda self: msd_clib.dest_e(self._edge))<computeroutput>[static]</computeroutput></computeroutput></para></section>
<anchor xml:id="_class_m_s_d_1_1_molecule_1_1___edge_1a0a68d85140a0749f237a0ba4df2c6a00"/><section>
    <title>direction</title>
<indexterm><primary>direction</primary><secondary>MSD.Molecule._Edge</secondary></indexterm>
<indexterm><primary>MSD.Molecule._Edge</primary><secondary>direction</secondary></indexterm>
<para><computeroutput>MSD.Molecule._Edge.direction = property(fget = lambda self: msd_clib.getDirection(self._edge))<computeroutput>[static]</computeroutput></computeroutput></para></section>
<anchor xml:id="_class_m_s_d_1_1_molecule_1_1___edge_1aef4a9a3d2c167ecf9cd19f511b0d8bde"/><section>
    <title>index</title>
<indexterm><primary>index</primary><secondary>MSD.Molecule._Edge</secondary></indexterm>
<indexterm><primary>MSD.Molecule._Edge</primary><secondary>index</secondary></indexterm>
<para><computeroutput>MSD.Molecule._Edge.index = property(fget = lambda self: msd_clib.edgeIndex_i(self._edge))<computeroutput>[static]</computeroutput></computeroutput></para></section>
<anchor xml:id="_class_m_s_d_1_1_molecule_1_1___edge_1a3097a3514f8ea261b940a71fa140db8c"/><section>
    <title>metaIndex</title>
<indexterm><primary>metaIndex</primary><secondary>MSD.Molecule._Edge</secondary></indexterm>
<indexterm><primary>MSD.Molecule._Edge</primary><secondary>metaIndex</secondary></indexterm>
<para><computeroutput>MSD.Molecule._Edge.metaIndex = property(fget = lambda self: self._i)<computeroutput>[static]</computeroutput></computeroutput></para></section>
<anchor xml:id="_class_m_s_d_1_1_molecule_1_1___edge_1a378f20fb39cbb8a427361ff21477410b"/><section>
    <title>src</title>
<indexterm><primary>src</primary><secondary>MSD.Molecule._Edge</secondary></indexterm>
<indexterm><primary>MSD.Molecule._Edge</primary><secondary>src</secondary></indexterm>
<para><computeroutput>MSD.Molecule._Edge.src = property(fget = lambda self: msd_clib.src_e(self._edge))<computeroutput>[static]</computeroutput></computeroutput></para></section>
<para>
The documentation for this class was generated from the following file:</para>
C:/Users/mathh/GitHub/Molecular-Spintronics-Research-Project/MSD Research Project - Latest Development Version/lib/python/<link linkend="__m_s_d_8py">MSD.py</link></section>
</section>
