<?xml version='1.0' encoding='UTF-8' standalone='no'?>
<section xmlns="http://docbook.org/ns/docbook" version="5.0" xmlns:xlink="http://www.w3.org/1999/xlink" xml:id="_class_m_s_d_1_1___struct_with_dict" xml:lang="en-US">
<title>MSD._StructWithDict Class Reference</title>
<indexterm><primary>MSD._StructWithDict</primary></indexterm>
<para>

<para>Version of ctypes.Structure that defines <emphasis role="bold">dict</emphasis> and overrides <emphasis role="bold">repr</emphasis> </para>
 
</para>
<para>Inheritance diagram for MSD._StructWithDict:    <informalfigure>
        <mediaobject>
            <imageobject>
                <imagedata width="50%" align="center" valign="middle" scalefit="0" fileref="../../d3/d3c/class_m_s_d_1_1___struct_with_dict.png"></imagedata>
            </imageobject>
        </mediaobject>
    </informalfigure>
</para>
<simplesect>
    <title>Public Member Functions    </title>
        <itemizedlist>
            <listitem><para>def <link linkend="_class_m_s_d_1_1___struct_with_dict_1a7c5722a237df5039317d31c528d04128">__init__</link> (self, *args, **kw)</para>
</listitem>
        </itemizedlist>
</simplesect>
<section>
<title>Detailed Description</title>

<para>Version of ctypes.Structure that defines <emphasis role="bold">dict</emphasis> and overrides <emphasis role="bold">repr</emphasis> </para>
</section>
<section>
<title>Constructor &amp; Destructor Documentation</title>
<anchor xml:id="_class_m_s_d_1_1___struct_with_dict_1a7c5722a237df5039317d31c528d04128"/><section>
    <title>__init__()</title>
<indexterm><primary>__init__</primary><secondary>MSD._StructWithDict</secondary></indexterm>
<indexterm><primary>MSD._StructWithDict</primary><secondary>__init__</secondary></indexterm>
<para><computeroutput>def MSD._StructWithDict.__init__ ( self, * args, ** kw)</computeroutput></para><para>
Reimplemented in <link linkend="_class_m_s_d_1_1___m_m_t_struct_1ab6c981d00a7ba900181ec80e644f60ba">MSD._MMTStruct</link>, <link linkend="_class_m_s_d_1_1_vector_1ad6a0e3a5cedc32f604dcd7a7893158ce">MSD.Vector</link>, <link linkend="_class_m_s_d_1_1_molecule_1_1_edge_parameters_1af40c02fe5ac4ccc57e1f9ed90d854d22">MSD.Molecule.EdgeParameters</link>, <link linkend="_class_m_s_d_1_1_molecule_1_1_node_parameters_1a009d75e5ee73aa7f7538680f9862c38b">MSD.Molecule.NodeParameters</link>, <link linkend="_class_m_s_d_1_1_m_s_d_1_1_parameters_1a447424f6f7d01d8a6f641b9bdd456587">MSD.MSD.Parameters</link>, and <link linkend="_class_m_s_d_1_1_m_s_d_1_1_results_1a0bfbf627aef6b4ad4a1b1e2ce55c1e7e">MSD.MSD.Results</link>.</para>
</section>
<para>
The documentation for this class was generated from the following file:</para>
C:/Users/mathh/GitHub/Molecular-Spintronics-Research-Project/MSD Research Project - Latest Development Version/lib/python/<link linkend="__m_s_d_8py">MSD.py</link></section>
</section>
