<?xml version='1.0' encoding='UTF-8' standalone='no'?>
<section xmlns="http://docbook.org/ns/docbook" version="5.0" xmlns:xlink="http://www.w3.org/1999/xlink" xml:id="_class_m_s_d_1_1_m_s_d_1_1___iterator" xml:lang="en-US">
<title>MSD.MSD._Iterator Class Reference</title>
<indexterm><primary>MSD.MSD._Iterator</primary></indexterm>
<simplesect>
    <title>Public Member Functions    </title>
        <itemizedlist>
            <listitem><para>def <link linkend="_class_m_s_d_1_1_m_s_d_1_1___iterator_1a576c383b1e498d2113a264c1a45a5bf1">next</link> (self)</para>
</listitem>
            <listitem><para>def <link linkend="_class_m_s_d_1_1_m_s_d_1_1___iterator_1a075ffbdde76b21d9839cd5e4738b53b3">prev</link> (self)</para>
</listitem>
            <listitem><para>def <link linkend="_class_m_s_d_1_1_m_s_d_1_1___iterator_1aa51a92b051ad9cf5771ad0f75a2820c4">__init__</link> (self, msd, start=(None, 0), direction=<link linkend="_class_m_s_d_1_1_m_s_d_1_1___iterator_1a6120b73703f6405c43f3f4e0fd65358f">FORWARD</link>)</para>
</listitem>
            <listitem><para>def <link linkend="_class_m_s_d_1_1_m_s_d_1_1___iterator_1af233a32e82cad9929ebfe25ef0e52f00">__del__</link> (self)</para>
</listitem>
            <listitem><para>def <link linkend="_class_m_s_d_1_1_m_s_d_1_1___iterator_1a6f1cf4d66632a27f4d220565ec8060e6">clone</link> (self)</para>
</listitem>
            <listitem><para>def <link linkend="_class_m_s_d_1_1_m_s_d_1_1___iterator_1a75aeee185fc0d550f9cdd9a1342ad429">__eq__</link> (self, other)</para>
</listitem>
            <listitem><para>def <link linkend="_class_m_s_d_1_1_m_s_d_1_1___iterator_1a9c0ed74ededda3df2c482089fd4fba45">__ne__</link> (self, other)</para>
</listitem>
            <listitem><para>def <link linkend="_class_m_s_d_1_1_m_s_d_1_1___iterator_1a82e03cd110bdca096d2a083543c4b7cd">__lt__</link> (self, other)</para>
</listitem>
            <listitem><para>def <link linkend="_class_m_s_d_1_1_m_s_d_1_1___iterator_1a5ba1eab5a2a7c08218d3dc14e793dbe7">__gt__</link> (self, other)</para>
</listitem>
            <listitem><para>def <link linkend="_class_m_s_d_1_1_m_s_d_1_1___iterator_1a2744fc00ad75eb6eff4c9473e19e4b19">__le__</link> (self, other)</para>
</listitem>
            <listitem><para>def <link linkend="_class_m_s_d_1_1_m_s_d_1_1___iterator_1a6e29860a2baacba25a81422a7048db31">__ge__</link> (self, other)</para>
</listitem>
            <listitem><para>def <link linkend="_class_m_s_d_1_1_m_s_d_1_1___iterator_1aa8d6a915e699f79d7da22063a689cc4d">__next__</link> (self)</para>
</listitem>
            <listitem><para>def <link linkend="_class_m_s_d_1_1_m_s_d_1_1___iterator_1ad48eec5d5c4da61e644d4da05cfe61a2">__iadd__</link> (self, offset)</para>
</listitem>
            <listitem><para>def <link linkend="_class_m_s_d_1_1_m_s_d_1_1___iterator_1ad207f504f1cad8b8d5bdcb8cf068713e">__isub__</link> (self, offset)</para>
</listitem>
            <listitem><para>def <link linkend="_class_m_s_d_1_1_m_s_d_1_1___iterator_1af1110f8a251530b9de2f7e8c3867f74b">__add__</link> (self, offset)</para>
</listitem>
            <listitem><para>def <link linkend="_class_m_s_d_1_1_m_s_d_1_1___iterator_1a0ecfe9750c38d87f6de9b2c75f65993a">__sub__</link> (self, offset)</para>
</listitem>
        </itemizedlist>
</simplesect>
<simplesect>
    <title>Static Public Attributes    </title>
        <itemizedlist>
            <listitem><para>tuple <link linkend="_class_m_s_d_1_1_m_s_d_1_1___iterator_1a6120b73703f6405c43f3f4e0fd65358f">FORWARD</link> = (<link linkend="_class_m_s_d_1_1_m_s_d_1_1___iterator_1a576c383b1e498d2113a264c1a45a5bf1">next</link>,)</para>
</listitem>
            <listitem><para>tuple <link linkend="_class_m_s_d_1_1_m_s_d_1_1___iterator_1aebe6c585864beefd4c282dd9350192df">BACKWARD</link> = (<link linkend="_class_m_s_d_1_1_m_s_d_1_1___iterator_1a075ffbdde76b21d9839cd5e4738b53b3">prev</link>,)</para>
</listitem>
        </itemizedlist>
</simplesect>
<simplesect>
    <title>Properties    </title>
        <itemizedlist>
            <listitem><para><link linkend="_class_m_s_d_1_1_m_s_d_1_1___iterator_1a2e61d8fd2380b0f23c110c74d8a39c6d">metaIndex</link> = property(fget = lambda self: self._i)</para>
</listitem>
            <listitem><para><link linkend="_class_m_s_d_1_1_m_s_d_1_1___iterator_1aa7557272e3ea3c914913cc56c150f32f">index</link> = property(fget = lambda self: msd_clib.msdIndex(self._iter))</para>
</listitem>
            <listitem><para><link linkend="_class_m_s_d_1_1_m_s_d_1_1___iterator_1a90f76b0efb8e66fdd9b5abe67a0166bd">x</link> = property(fget = lambda self: msd_clib.getX(self._iter))</para>
</listitem>
            <listitem><para><link linkend="_class_m_s_d_1_1_m_s_d_1_1___iterator_1ac8cdd734f3db4f20d8b05ae53fef770a">y</link> = property(fget = lambda self: msd_clib.getY(self._iter))</para>
</listitem>
            <listitem><para><link linkend="_class_m_s_d_1_1_m_s_d_1_1___iterator_1a35c056ed91ca6980a2ca74afcffde64b">z</link> = property(fget = lambda self: msd_clib.getZ(self._iter))</para>
</listitem>
            <listitem><para><link linkend="_class_m_s_d_1_1_m_s_d_1_1___iterator_1a7bbe9c4b0b13fabdde37af356c30a25d">pos</link> = property(fget = lambda self: (self.x, self.y, self.z))</para>
</listitem>
            <listitem><para><link linkend="_class_m_s_d_1_1_m_s_d_1_1___iterator_1abaf0cefe61a5782a10ededd2b653d7a3">spin</link> = property(fget = lambda self: msd_clib.getSpin_a(self._iter))</para>
</listitem>
            <listitem><para><link linkend="_class_m_s_d_1_1_m_s_d_1_1___iterator_1ab768262200f1caa77a9a3c8493f2002e">flux</link> = property(fget = lambda self: msd_clib.getFlux_a(self._iter))</para>
</listitem>
            <listitem><para><link linkend="_class_m_s_d_1_1_m_s_d_1_1___iterator_1afc96949740c0e84a8d54017f27dd3b8b">localM</link> = property(fget = lambda self: msd_clib.getLocalM_a(self._iter))</para>
</listitem>
        </itemizedlist>
</simplesect>
<section>
<title>Constructor &amp; Destructor Documentation</title>
<anchor xml:id="_class_m_s_d_1_1_m_s_d_1_1___iterator_1aa51a92b051ad9cf5771ad0f75a2820c4"/><section>
    <title>__init__()</title>
<indexterm><primary>__init__</primary><secondary>MSD.MSD._Iterator</secondary></indexterm>
<indexterm><primary>MSD.MSD._Iterator</primary><secondary>__init__</secondary></indexterm>
<para><computeroutput>def MSD.MSD._Iterator.__init__ ( self,  msd,  start = <computeroutput>(None,&#160;0)</computeroutput>
,  direction = <computeroutput><link linkend="_class_m_s_d_1_1_m_s_d_1_1___iterator_1a6120b73703f6405c43f3f4e0fd65358f">FORWARD</link></computeroutput>
)</computeroutput></para></section>
<anchor xml:id="_class_m_s_d_1_1_m_s_d_1_1___iterator_1af233a32e82cad9929ebfe25ef0e52f00"/><section>
    <title>__del__()</title>
<indexterm><primary>__del__</primary><secondary>MSD.MSD._Iterator</secondary></indexterm>
<indexterm><primary>MSD.MSD._Iterator</primary><secondary>__del__</secondary></indexterm>
<para><computeroutput>def MSD.MSD._Iterator.__del__ ( self)</computeroutput></para></section>
</section>
<section>
<title>Member Function Documentation</title>
<anchor xml:id="_class_m_s_d_1_1_m_s_d_1_1___iterator_1af1110f8a251530b9de2f7e8c3867f74b"/><section>
    <title>__add__()</title>
<indexterm><primary>__add__</primary><secondary>MSD.MSD._Iterator</secondary></indexterm>
<indexterm><primary>MSD.MSD._Iterator</primary><secondary>__add__</secondary></indexterm>
<para><computeroutput>def MSD.MSD._Iterator.__add__ ( self,  offset)</computeroutput></para></section>
<anchor xml:id="_class_m_s_d_1_1_m_s_d_1_1___iterator_1a75aeee185fc0d550f9cdd9a1342ad429"/><section>
    <title>__eq__()</title>
<indexterm><primary>__eq__</primary><secondary>MSD.MSD._Iterator</secondary></indexterm>
<indexterm><primary>MSD.MSD._Iterator</primary><secondary>__eq__</secondary></indexterm>
<para><computeroutput>def MSD.MSD._Iterator.__eq__ ( self,  other)</computeroutput></para></section>
<anchor xml:id="_class_m_s_d_1_1_m_s_d_1_1___iterator_1a6e29860a2baacba25a81422a7048db31"/><section>
    <title>__ge__()</title>
<indexterm><primary>__ge__</primary><secondary>MSD.MSD._Iterator</secondary></indexterm>
<indexterm><primary>MSD.MSD._Iterator</primary><secondary>__ge__</secondary></indexterm>
<para><computeroutput>def MSD.MSD._Iterator.__ge__ ( self,  other)</computeroutput></para></section>
<anchor xml:id="_class_m_s_d_1_1_m_s_d_1_1___iterator_1a5ba1eab5a2a7c08218d3dc14e793dbe7"/><section>
    <title>__gt__()</title>
<indexterm><primary>__gt__</primary><secondary>MSD.MSD._Iterator</secondary></indexterm>
<indexterm><primary>MSD.MSD._Iterator</primary><secondary>__gt__</secondary></indexterm>
<para><computeroutput>def MSD.MSD._Iterator.__gt__ ( self,  other)</computeroutput></para></section>
<anchor xml:id="_class_m_s_d_1_1_m_s_d_1_1___iterator_1ad48eec5d5c4da61e644d4da05cfe61a2"/><section>
    <title>__iadd__()</title>
<indexterm><primary>__iadd__</primary><secondary>MSD.MSD._Iterator</secondary></indexterm>
<indexterm><primary>MSD.MSD._Iterator</primary><secondary>__iadd__</secondary></indexterm>
<para><computeroutput>def MSD.MSD._Iterator.__iadd__ ( self,  offset)</computeroutput></para></section>
<anchor xml:id="_class_m_s_d_1_1_m_s_d_1_1___iterator_1ad207f504f1cad8b8d5bdcb8cf068713e"/><section>
    <title>__isub__()</title>
<indexterm><primary>__isub__</primary><secondary>MSD.MSD._Iterator</secondary></indexterm>
<indexterm><primary>MSD.MSD._Iterator</primary><secondary>__isub__</secondary></indexterm>
<para><computeroutput>def MSD.MSD._Iterator.__isub__ ( self,  offset)</computeroutput></para></section>
<anchor xml:id="_class_m_s_d_1_1_m_s_d_1_1___iterator_1a2744fc00ad75eb6eff4c9473e19e4b19"/><section>
    <title>__le__()</title>
<indexterm><primary>__le__</primary><secondary>MSD.MSD._Iterator</secondary></indexterm>
<indexterm><primary>MSD.MSD._Iterator</primary><secondary>__le__</secondary></indexterm>
<para><computeroutput>def MSD.MSD._Iterator.__le__ ( self,  other)</computeroutput></para></section>
<anchor xml:id="_class_m_s_d_1_1_m_s_d_1_1___iterator_1a82e03cd110bdca096d2a083543c4b7cd"/><section>
    <title>__lt__()</title>
<indexterm><primary>__lt__</primary><secondary>MSD.MSD._Iterator</secondary></indexterm>
<indexterm><primary>MSD.MSD._Iterator</primary><secondary>__lt__</secondary></indexterm>
<para><computeroutput>def MSD.MSD._Iterator.__lt__ ( self,  other)</computeroutput></para></section>
<anchor xml:id="_class_m_s_d_1_1_m_s_d_1_1___iterator_1a9c0ed74ededda3df2c482089fd4fba45"/><section>
    <title>__ne__()</title>
<indexterm><primary>__ne__</primary><secondary>MSD.MSD._Iterator</secondary></indexterm>
<indexterm><primary>MSD.MSD._Iterator</primary><secondary>__ne__</secondary></indexterm>
<para><computeroutput>def MSD.MSD._Iterator.__ne__ ( self,  other)</computeroutput></para></section>
<anchor xml:id="_class_m_s_d_1_1_m_s_d_1_1___iterator_1aa8d6a915e699f79d7da22063a689cc4d"/><section>
    <title>__next__()</title>
<indexterm><primary>__next__</primary><secondary>MSD.MSD._Iterator</secondary></indexterm>
<indexterm><primary>MSD.MSD._Iterator</primary><secondary>__next__</secondary></indexterm>
<para><computeroutput>def MSD.MSD._Iterator.__next__ ( self)</computeroutput></para></section>
<anchor xml:id="_class_m_s_d_1_1_m_s_d_1_1___iterator_1a0ecfe9750c38d87f6de9b2c75f65993a"/><section>
    <title>__sub__()</title>
<indexterm><primary>__sub__</primary><secondary>MSD.MSD._Iterator</secondary></indexterm>
<indexterm><primary>MSD.MSD._Iterator</primary><secondary>__sub__</secondary></indexterm>
<para><computeroutput>def MSD.MSD._Iterator.__sub__ ( self,  offset)</computeroutput></para></section>
<anchor xml:id="_class_m_s_d_1_1_m_s_d_1_1___iterator_1a6f1cf4d66632a27f4d220565ec8060e6"/><section>
    <title>clone()</title>
<indexterm><primary>clone</primary><secondary>MSD.MSD._Iterator</secondary></indexterm>
<indexterm><primary>MSD.MSD._Iterator</primary><secondary>clone</secondary></indexterm>
<para><computeroutput>def MSD.MSD._Iterator.clone ( self)</computeroutput></para></section>
<anchor xml:id="_class_m_s_d_1_1_m_s_d_1_1___iterator_1a576c383b1e498d2113a264c1a45a5bf1"/><section>
    <title>next()</title>
<indexterm><primary>next</primary><secondary>MSD.MSD._Iterator</secondary></indexterm>
<indexterm><primary>MSD.MSD._Iterator</primary><secondary>next</secondary></indexterm>
<para><computeroutput>def MSD.MSD._Iterator.next ( self)</computeroutput></para></section>
<anchor xml:id="_class_m_s_d_1_1_m_s_d_1_1___iterator_1a075ffbdde76b21d9839cd5e4738b53b3"/><section>
    <title>prev()</title>
<indexterm><primary>prev</primary><secondary>MSD.MSD._Iterator</secondary></indexterm>
<indexterm><primary>MSD.MSD._Iterator</primary><secondary>prev</secondary></indexterm>
<para><computeroutput>def MSD.MSD._Iterator.prev ( self)</computeroutput></para></section>
</section>
<section>
<title>Member Data Documentation</title>
<anchor xml:id="_class_m_s_d_1_1_m_s_d_1_1___iterator_1aebe6c585864beefd4c282dd9350192df"/><section>
    <title>BACKWARD</title>
<indexterm><primary>BACKWARD</primary><secondary>MSD.MSD._Iterator</secondary></indexterm>
<indexterm><primary>MSD.MSD._Iterator</primary><secondary>BACKWARD</secondary></indexterm>
<para><computeroutput>tuple MSD.MSD._Iterator.BACKWARD = (<link linkend="_class_m_s_d_1_1_m_s_d_1_1___iterator_1a075ffbdde76b21d9839cd5e4738b53b3">prev</link>,)<computeroutput>[static]</computeroutput></computeroutput></para></section>
<anchor xml:id="_class_m_s_d_1_1_m_s_d_1_1___iterator_1a6120b73703f6405c43f3f4e0fd65358f"/><section>
    <title>FORWARD</title>
<indexterm><primary>FORWARD</primary><secondary>MSD.MSD._Iterator</secondary></indexterm>
<indexterm><primary>MSD.MSD._Iterator</primary><secondary>FORWARD</secondary></indexterm>
<para><computeroutput>tuple MSD.MSD._Iterator.FORWARD = (<link linkend="_class_m_s_d_1_1_m_s_d_1_1___iterator_1a576c383b1e498d2113a264c1a45a5bf1">next</link>,)<computeroutput>[static]</computeroutput></computeroutput></para></section>
</section>
<section>
<title>Property Documentation</title>
<anchor xml:id="_class_m_s_d_1_1_m_s_d_1_1___iterator_1ab768262200f1caa77a9a3c8493f2002e"/><section>
    <title>flux</title>
<indexterm><primary>flux</primary><secondary>MSD.MSD._Iterator</secondary></indexterm>
<indexterm><primary>MSD.MSD._Iterator</primary><secondary>flux</secondary></indexterm>
<para><computeroutput>MSD.MSD._Iterator.flux = property(fget = lambda self: msd_clib.getFlux_a(self._iter))<computeroutput>[static]</computeroutput></computeroutput></para></section>
<anchor xml:id="_class_m_s_d_1_1_m_s_d_1_1___iterator_1aa7557272e3ea3c914913cc56c150f32f"/><section>
    <title>index</title>
<indexterm><primary>index</primary><secondary>MSD.MSD._Iterator</secondary></indexterm>
<indexterm><primary>MSD.MSD._Iterator</primary><secondary>index</secondary></indexterm>
<para><computeroutput>MSD.MSD._Iterator.index = property(fget = lambda self: msd_clib.msdIndex(self._iter))<computeroutput>[static]</computeroutput></computeroutput></para></section>
<anchor xml:id="_class_m_s_d_1_1_m_s_d_1_1___iterator_1afc96949740c0e84a8d54017f27dd3b8b"/><section>
    <title>localM</title>
<indexterm><primary>localM</primary><secondary>MSD.MSD._Iterator</secondary></indexterm>
<indexterm><primary>MSD.MSD._Iterator</primary><secondary>localM</secondary></indexterm>
<para><computeroutput>MSD.MSD._Iterator.localM = property(fget = lambda self: msd_clib.getLocalM_a(self._iter))<computeroutput>[static]</computeroutput></computeroutput></para></section>
<anchor xml:id="_class_m_s_d_1_1_m_s_d_1_1___iterator_1a2e61d8fd2380b0f23c110c74d8a39c6d"/><section>
    <title>metaIndex</title>
<indexterm><primary>metaIndex</primary><secondary>MSD.MSD._Iterator</secondary></indexterm>
<indexterm><primary>MSD.MSD._Iterator</primary><secondary>metaIndex</secondary></indexterm>
<para><computeroutput>MSD.MSD._Iterator.metaIndex = property(fget = lambda self: self._i)<computeroutput>[static]</computeroutput></computeroutput></para></section>
<anchor xml:id="_class_m_s_d_1_1_m_s_d_1_1___iterator_1a7bbe9c4b0b13fabdde37af356c30a25d"/><section>
    <title>pos</title>
<indexterm><primary>pos</primary><secondary>MSD.MSD._Iterator</secondary></indexterm>
<indexterm><primary>MSD.MSD._Iterator</primary><secondary>pos</secondary></indexterm>
<para><computeroutput>MSD.MSD._Iterator.pos = property(fget = lambda self: (self.x, self.y, self.z))<computeroutput>[static]</computeroutput></computeroutput></para></section>
<anchor xml:id="_class_m_s_d_1_1_m_s_d_1_1___iterator_1abaf0cefe61a5782a10ededd2b653d7a3"/><section>
    <title>spin</title>
<indexterm><primary>spin</primary><secondary>MSD.MSD._Iterator</secondary></indexterm>
<indexterm><primary>MSD.MSD._Iterator</primary><secondary>spin</secondary></indexterm>
<para><computeroutput>MSD.MSD._Iterator.spin = property(fget = lambda self: msd_clib.getSpin_a(self._iter))<computeroutput>[static]</computeroutput></computeroutput></para></section>
<anchor xml:id="_class_m_s_d_1_1_m_s_d_1_1___iterator_1a90f76b0efb8e66fdd9b5abe67a0166bd"/><section>
    <title>x</title>
<indexterm><primary>x</primary><secondary>MSD.MSD._Iterator</secondary></indexterm>
<indexterm><primary>MSD.MSD._Iterator</primary><secondary>x</secondary></indexterm>
<para><computeroutput>MSD.MSD._Iterator.x = property(fget = lambda self: msd_clib.getX(self._iter))<computeroutput>[static]</computeroutput></computeroutput></para></section>
<anchor xml:id="_class_m_s_d_1_1_m_s_d_1_1___iterator_1ac8cdd734f3db4f20d8b05ae53fef770a"/><section>
    <title>y</title>
<indexterm><primary>y</primary><secondary>MSD.MSD._Iterator</secondary></indexterm>
<indexterm><primary>MSD.MSD._Iterator</primary><secondary>y</secondary></indexterm>
<para><computeroutput>MSD.MSD._Iterator.y = property(fget = lambda self: msd_clib.getY(self._iter))<computeroutput>[static]</computeroutput></computeroutput></para></section>
<anchor xml:id="_class_m_s_d_1_1_m_s_d_1_1___iterator_1a35c056ed91ca6980a2ca74afcffde64b"/><section>
    <title>z</title>
<indexterm><primary>z</primary><secondary>MSD.MSD._Iterator</secondary></indexterm>
<indexterm><primary>MSD.MSD._Iterator</primary><secondary>z</secondary></indexterm>
<para><computeroutput>MSD.MSD._Iterator.z = property(fget = lambda self: msd_clib.getZ(self._iter))<computeroutput>[static]</computeroutput></computeroutput></para></section>
<para>
The documentation for this class was generated from the following file:</para>
C:/Users/mathh/GitHub/Molecular-Spintronics-Research-Project/MSD Research Project - Latest Development Version/lib/python/<link linkend="__m_s_d_8py">MSD.py</link></section>
</section>
