<?xml version='1.0' encoding='UTF-8' standalone='no'?>
<section xmlns="http://docbook.org/ns/docbook" version="5.0" xmlns:xlink="http://www.w3.org/1999/xlink" xml:id="_classudc_1_1_molecule_1_1_deserialization_exception" xml:lang="en-US">
<title>udc::Molecule::DeserializationException Class Reference</title>
<indexterm><primary>udc::Molecule::DeserializationException</primary></indexterm>
<para>
<computeroutput>#include &lt;MSD.h&gt;</computeroutput>
</para>
<para>Inheritance diagram for udc::Molecule::DeserializationException:    <informalfigure>
        <mediaobject>
            <imageobject>
                <imagedata width="50%" align="center" valign="middle" scalefit="0" fileref="../../d5/df1/classudc_1_1_molecule_1_1_deserialization_exception.png"></imagedata>
            </imageobject>
        </mediaobject>
    </informalfigure>
</para>
<simplesect>
    <title>Public Member Functions    </title>
        <itemizedlist>
            <listitem><para><link linkend="_classudc_1_1_molecule_1_1_deserialization_exception_1a48c7fdb254d2d146fcfa30ec5f5388ef">DeserializationException</link> (const char *message)</para>
</listitem>
        </itemizedlist>
</simplesect>
<section>
<title>Constructor &amp; Destructor Documentation</title>
<anchor xml:id="_classudc_1_1_molecule_1_1_deserialization_exception_1a48c7fdb254d2d146fcfa30ec5f5388ef"/><section>
    <title>DeserializationException()</title>
<indexterm><primary>DeserializationException</primary><secondary>udc::Molecule::DeserializationException</secondary></indexterm>
<indexterm><primary>udc::Molecule::DeserializationException</primary><secondary>DeserializationException</secondary></indexterm>
<para><computeroutput>udc::Molecule::DeserializationException::DeserializationException (const char * message)<computeroutput>[inline]</computeroutput></computeroutput></para></section>
<para>
The documentation for this class was generated from the following file:</para>
C:/Users/mathh/GitHub/Molecular-Spintronics-Research-Project/MSD Research Project - Latest Development Version/src/<link linkend="__m_s_d_8h">MSD.h</link></section>
</section>
