<?xml version='1.0' encoding='UTF-8' standalone='no'?>
<section xmlns="http://docbook.org/ns/docbook" version="5.0" xmlns:xlink="http://www.w3.org/1999/xlink" xml:id="_annotated" xml:lang="en-US">
<title>Class List</title>
Here are the classes, structs, unions and interfaces with brief descriptions:<link linkend="_class_m_s_d_1_1_molecule_1_1___edge">MSD.Molecule._Edge</link>
<para>Represents a specific molecule edge </para>
<link linkend="_class_m_s_d_1_1_molecule_1_1___edge_iterable">MSD.Molecule._EdgeIterable</link>
<para>Represents an iterable collection of molecule edges </para>
<link linkend="_class_m_s_d_1_1_m_s_d_1_1___iterator">MSD.MSD._Iterator</link><link linkend="_class_m_s_d_1_1___m_m_t_struct">MSD._MMTStruct</link>
<para>Adds the MSD-Molecule-Text, <link linkend="_class_m_s_d_1_1___m_m_t_struct_1a3f795dd08944c744bf10060d8e7a74a3">mmt()</link> method for subclasses </para>
<link linkend="_class_m_s_d_1_1_molecule_1_1___node">MSD.Molecule._Node</link>
<para>Represents a specific molecule node </para>
<link linkend="_class_m_s_d_1_1_molecule_1_1___node_iterable">MSD.Molecule._NodeIterable</link>
<para>Represents an iterable collection of molecule nodes </para>
<link linkend="_class_m_s_d_1_1___struct_with_dict">MSD._StructWithDict</link>
<para>Version of ctypes.Structure that defines <emphasis role="bold">dict</emphasis> and overrides <emphasis role="bold">repr</emphasis> </para>
<link linkend="_classudc_1_1_molecule_1_1_deserialization_exception">udc::Molecule::DeserializationException</link><link linkend="_classudc_1_1_molecule_1_1_edge_iterable">udc::Molecule::EdgeIterable</link><link linkend="_classudc_1_1_molecule_1_1_edge_iterator">udc::Molecule::EdgeIterator</link><link linkend="_class_m_s_d_1_1_molecule_1_1_edge_parameters">MSD.Molecule.EdgeParameters</link><link linkend="_structudc_1_1_molecule_1_1_edge_parameters">udc::Molecule::EdgeParameters</link>
<para>Information about an edge between two Nodes </para>
<link linkend="_classudc_1_1_m_s_d_1_1_iterator">udc::MSD::Iterator</link><link linkend="_class_m_s_d_1_1_molecule">MSD.Molecule</link><link linkend="_classudc_1_1_molecule">udc::Molecule</link>
<para>An abstract molecule </para>
<link linkend="_classudc_1_1_m_s_d_1_1_molecule_exception">udc::MSD::MoleculeException</link><link linkend="_class_m_s_d_1_1_m_s_d">MSD.MSD</link><link linkend="_classudc_1_1_m_s_d">udc::MSD</link>
<para>An abstract Molecular Spintronic Device </para>
<link linkend="_classudc_1_1_molecule_1_1_node_iterable">udc::Molecule::NodeIterable</link><link linkend="_classudc_1_1_molecule_1_1_node_iterator">udc::Molecule::NodeIterator</link><link linkend="_class_m_s_d_1_1_molecule_1_1_node_parameters">MSD.Molecule.NodeParameters</link><link linkend="_structudc_1_1_molecule_1_1_node_parameters">udc::Molecule::NodeParameters</link>
<para>Local parameters </para>
<link linkend="_class_m_s_d_1_1_m_s_d_1_1_parameters">MSD.MSD.Parameters</link><link linkend="_structudc_1_1_m_s_d_1_1_parameters">udc::MSD::Parameters</link><link linkend="_class_m_s_d_1_1_m_s_d_1_1_results">MSD.MSD.Results</link><link linkend="_structudc_1_1_m_s_d_1_1_results">udc::MSD::Results</link><link linkend="_classudc_1_1_sparse_array">udc::SparseArray&lt; T &gt;</link><link linkend="_structudc_1_1_sparse_array_value">udc::SparseArrayValue&lt; T &gt;</link><link linkend="_classudc_1_1_u_d_c_exception">udc::UDCException</link><link linkend="_class_m_s_d_1_1_vector">MSD.Vector</link>
<para>Python version of <link linkend="_classudc_1_1_vector">udc::Vector</link> class in <link linkend="__vector_8h">Vector.h</link> </para>
<link linkend="_classudc_1_1_vector">udc::Vector</link></section>
