<?xml version='1.0' encoding='UTF-8' standalone='no'?>
<section xmlns="http://docbook.org/ns/docbook" version="5.0" xmlns:xlink="http://www.w3.org/1999/xlink" xml:id="_structudc_1_1_molecule_1_1_node_parameters" xml:lang="en-US">
<title>udc::Molecule::NodeParameters Struct Reference</title>
<indexterm><primary>udc::Molecule::NodeParameters</primary></indexterm>
<para>

<para>local parameters </para>
 
</para>
<para>
<computeroutput>#include &lt;MSD.h&gt;</computeroutput>
</para>
<simplesect>
    <title>Public Member Functions    </title>
        <itemizedlist>
            <listitem><para><link linkend="_structudc_1_1_molecule_1_1_node_parameters_1a4864f595737510a02a6cda276b3d8f33">NodeParameters</link> ()</para>
</listitem>
        </itemizedlist>
</simplesect>
<simplesect>
    <title>Public Attributes    </title>
        <itemizedlist>
            <listitem><para>double <link linkend="_structudc_1_1_molecule_1_1_node_parameters_1aa7b74cbea7b3cba87f57ad48232a3786">Sm</link></para>
</listitem>
            <listitem><para>double <link linkend="_structudc_1_1_molecule_1_1_node_parameters_1a0a56503fd7eb794ba63f04a1ec25238e">Fm</link></para>
</listitem>
            <listitem><para>double <link linkend="_structudc_1_1_molecule_1_1_node_parameters_1a297971abdfd713f536d590ef8feb7fbc">Je0m</link></para>
</listitem>
            <listitem><para><link linkend="_classudc_1_1_vector">Vector</link> <link linkend="_structudc_1_1_molecule_1_1_node_parameters_1a821f45a250dc5e42bd03ab91e377605f">Am</link></para>
</listitem>
        </itemizedlist>
</simplesect>
<section>
<title>Detailed Description</title>

<para>local parameters </para>
</section>
<section>
<title>Constructor &amp; Destructor Documentation</title>
<anchor xml:id="_structudc_1_1_molecule_1_1_node_parameters_1a4864f595737510a02a6cda276b3d8f33"/><section>
    <title>NodeParameters()</title>
<indexterm><primary>NodeParameters</primary><secondary>udc::Molecule::NodeParameters</secondary></indexterm>
<indexterm><primary>udc::Molecule::NodeParameters</primary><secondary>NodeParameters</secondary></indexterm>
<para><computeroutput>udc::Molecule::NodeParameters::NodeParameters ( )</computeroutput></para></section>
</section>
<section>
<title>Member Data Documentation</title>
<anchor xml:id="_structudc_1_1_molecule_1_1_node_parameters_1a821f45a250dc5e42bd03ab91e377605f"/><section>
    <title>Am</title>
<indexterm><primary>Am</primary><secondary>udc::Molecule::NodeParameters</secondary></indexterm>
<indexterm><primary>udc::Molecule::NodeParameters</primary><secondary>Am</secondary></indexterm>
<para><computeroutput><link linkend="_classudc_1_1_vector">Vector</link> udc::Molecule::NodeParameters::Am</computeroutput></para></section>
<anchor xml:id="_structudc_1_1_molecule_1_1_node_parameters_1a0a56503fd7eb794ba63f04a1ec25238e"/><section>
    <title>Fm</title>
<indexterm><primary>Fm</primary><secondary>udc::Molecule::NodeParameters</secondary></indexterm>
<indexterm><primary>udc::Molecule::NodeParameters</primary><secondary>Fm</secondary></indexterm>
<para><computeroutput>double udc::Molecule::NodeParameters::Fm</computeroutput></para></section>
<anchor xml:id="_structudc_1_1_molecule_1_1_node_parameters_1a297971abdfd713f536d590ef8feb7fbc"/><section>
    <title>Je0m</title>
<indexterm><primary>Je0m</primary><secondary>udc::Molecule::NodeParameters</secondary></indexterm>
<indexterm><primary>udc::Molecule::NodeParameters</primary><secondary>Je0m</secondary></indexterm>
<para><computeroutput>double udc::Molecule::NodeParameters::Je0m</computeroutput></para></section>
<anchor xml:id="_structudc_1_1_molecule_1_1_node_parameters_1aa7b74cbea7b3cba87f57ad48232a3786"/><section>
    <title>Sm</title>
<indexterm><primary>Sm</primary><secondary>udc::Molecule::NodeParameters</secondary></indexterm>
<indexterm><primary>udc::Molecule::NodeParameters</primary><secondary>Sm</secondary></indexterm>
<para><computeroutput>double udc::Molecule::NodeParameters::Sm</computeroutput></para></section>
<para>
The documentation for this struct was generated from the following file:</para>
C:/Users/mathh/GitHub/Molecular-Spintronics-Research-Project/MSD Research Project - Latest Development Version/src/<link linkend="__m_s_d_8h">MSD.h</link></section>
</section>
