<?xml version='1.0' encoding='UTF-8' standalone='no'?>
<section xmlns="http://docbook.org/ns/docbook" version="5.0" xmlns:xlink="http://www.w3.org/1999/xlink" xml:id="_class_m_s_d_1_1_molecule_1_1_edge_parameters" xml:lang="en-US">
<title>MSD.Molecule.EdgeParameters Class Reference</title>
<indexterm><primary>MSD.Molecule.EdgeParameters</primary></indexterm>
<para>Inheritance diagram for MSD.Molecule.EdgeParameters:    <informalfigure>
        <mediaobject>
            <imageobject>
                <imagedata width="50%" align="center" valign="middle" scalefit="0" fileref="../../d5/dbb/class_m_s_d_1_1_molecule_1_1_edge_parameters.png"></imagedata>
            </imageobject>
        </mediaobject>
    </informalfigure>
</para>
<simplesect>
    <title>Public Member Functions    </title>
        <itemizedlist>
            <listitem><para>def <link linkend="_class_m_s_d_1_1_molecule_1_1_edge_parameters_1af40c02fe5ac4ccc57e1f9ed90d854d22">__init__</link> (self, *args, **kw)</para>
</listitem>
        </itemizedlist>
</simplesect>
<simplesect>
    <title>Public Attributes    </title>
        <itemizedlist>
            <listitem><para><link linkend="_class_m_s_d_1_1_molecule_1_1_edge_parameters_1afe891e7947af2e4f98ceb2df7238d01a">Jm</link></para>
</listitem>
            <listitem><para><link linkend="_class_m_s_d_1_1_molecule_1_1_edge_parameters_1a52b495127fcded9f7a2eac8f3043f323">Je1m</link></para>
</listitem>
            <listitem><para><link linkend="_class_m_s_d_1_1_molecule_1_1_edge_parameters_1ae9664ace3dfc7a2672edd2278a178e22">Jeem</link></para>
</listitem>
            <listitem><para><link linkend="_class_m_s_d_1_1_molecule_1_1_edge_parameters_1adad5cb47f563066e7f11771cf69e5060">bm</link></para>
</listitem>
            <listitem><para><link linkend="_class_m_s_d_1_1_molecule_1_1_edge_parameters_1a043cd7661b02019ac93aabb3052b7fae">Dm</link></para>
</listitem>
        </itemizedlist>
</simplesect>
<section>
<title>Constructor &amp; Destructor Documentation</title>
<anchor xml:id="_class_m_s_d_1_1_molecule_1_1_edge_parameters_1af40c02fe5ac4ccc57e1f9ed90d854d22"/><section>
    <title>__init__()</title>
<indexterm><primary>__init__</primary><secondary>MSD.Molecule.EdgeParameters</secondary></indexterm>
<indexterm><primary>MSD.Molecule.EdgeParameters</primary><secondary>__init__</secondary></indexterm>
<para><computeroutput>def MSD.Molecule.EdgeParameters.__init__ ( self, * args, ** kw)</computeroutput></para><para>
Reimplemented from <link linkend="_class_m_s_d_1_1___m_m_t_struct_1ab6c981d00a7ba900181ec80e644f60ba">MSD._MMTStruct</link>.</para>
</section>
</section>
<section>
<title>Member Data Documentation</title>
<anchor xml:id="_class_m_s_d_1_1_molecule_1_1_edge_parameters_1adad5cb47f563066e7f11771cf69e5060"/><section>
    <title>bm</title>
<indexterm><primary>bm</primary><secondary>MSD.Molecule.EdgeParameters</secondary></indexterm>
<indexterm><primary>MSD.Molecule.EdgeParameters</primary><secondary>bm</secondary></indexterm>
<para><computeroutput>MSD.Molecule.EdgeParameters.bm</computeroutput></para></section>
<anchor xml:id="_class_m_s_d_1_1_molecule_1_1_edge_parameters_1a043cd7661b02019ac93aabb3052b7fae"/><section>
    <title>Dm</title>
<indexterm><primary>Dm</primary><secondary>MSD.Molecule.EdgeParameters</secondary></indexterm>
<indexterm><primary>MSD.Molecule.EdgeParameters</primary><secondary>Dm</secondary></indexterm>
<para><computeroutput>MSD.Molecule.EdgeParameters.Dm</computeroutput></para></section>
<anchor xml:id="_class_m_s_d_1_1_molecule_1_1_edge_parameters_1a52b495127fcded9f7a2eac8f3043f323"/><section>
    <title>Je1m</title>
<indexterm><primary>Je1m</primary><secondary>MSD.Molecule.EdgeParameters</secondary></indexterm>
<indexterm><primary>MSD.Molecule.EdgeParameters</primary><secondary>Je1m</secondary></indexterm>
<para><computeroutput>MSD.Molecule.EdgeParameters.Je1m</computeroutput></para></section>
<anchor xml:id="_class_m_s_d_1_1_molecule_1_1_edge_parameters_1ae9664ace3dfc7a2672edd2278a178e22"/><section>
    <title>Jeem</title>
<indexterm><primary>Jeem</primary><secondary>MSD.Molecule.EdgeParameters</secondary></indexterm>
<indexterm><primary>MSD.Molecule.EdgeParameters</primary><secondary>Jeem</secondary></indexterm>
<para><computeroutput>MSD.Molecule.EdgeParameters.Jeem</computeroutput></para></section>
<anchor xml:id="_class_m_s_d_1_1_molecule_1_1_edge_parameters_1afe891e7947af2e4f98ceb2df7238d01a"/><section>
    <title>Jm</title>
<indexterm><primary>Jm</primary><secondary>MSD.Molecule.EdgeParameters</secondary></indexterm>
<indexterm><primary>MSD.Molecule.EdgeParameters</primary><secondary>Jm</secondary></indexterm>
<para><computeroutput>MSD.Molecule.EdgeParameters.Jm</computeroutput></para></section>
<para>
The documentation for this class was generated from the following file:</para>
C:/Users/mathh/GitHub/Molecular-Spintronics-Research-Project/MSD Research Project - Latest Development Version/lib/python/<link linkend="__m_s_d_8py">MSD.py</link></section>
</section>
